complexity,question,gold,base_pred,ft_pred,base_em,ft_em,base_ex,ft_ex
easy,Name the rounds for stanley brm,"SELECT rounds FROM table_name_82 WHERE entrant = ""stanley brm""",SELECT rounds FROM table_name_82 WHERE entrant = 'stanley brm',"SELECT rounds FROM table_name_82 WHERE entrant = ""stanley brm""",False,True,True,True
easy,Which Nationality has a Date of 8 may 1942?,"SELECT nationality FROM table_name_39 WHERE date = ""8 may 1942""",SELECT nationality FROM table_name_39 WHERE date = '8 may 1942',"SELECT nationality FROM table_name_39 WHERE date = ""8 may 1942""",False,True,True,True
medium,Who is the friend of Zach with longest year relationship?,SELECT friend FROM PersonFriend WHERE name = 'Zach' AND YEAR = (SELECT MAX(YEAR) FROM PersonFriend WHERE name = 'Zach'),SELECT friend FROM PersonFriend WHERE name = 'Zach' ORDER BY YEAR DESC LIMIT 1,"SELECT friend FROM PersonFriend WHERE name = ""Zach"" ORDER BY YEAR DESC LIMIT 1",False,False,True,True
medium,List the names of people that are not poker players.,SELECT Name FROM people WHERE NOT People_ID IN (SELECT People_ID FROM poker_player),SELECT Name FROM people WHERE People_ID NOT IN (SELECT People_ID FROM poker_player),SELECT T1.Name FROM people AS T1 JOIN poker_player AS T2 ON T1.People_ID = T2.People_ID WHERE T1.Name <> T2.Name,False,False,True,True
hard,Find the name of customers who do not have a loan with a type of Mortgages.,SELECT cust_name FROM customer EXCEPT SELECT T1.cust_name FROM customer AS T1 JOIN loan AS T2 ON T1.cust_id = T2.cust_id WHERE T2.loan_type = 'Mortgages',SELECT cust_name FROM customer WHERE cust_id NOT IN (SELECT cust_id FROM loan WHERE loan_type = 'Mortgages'),SELECT T1.cust_name FROM customer AS T1 JOIN loan AS T2 ON T1.cust_id = T2.cust_id WHERE T2.loan_type <> 'Mortgages',False,False,,
hard,What is the name of the artist who joined latest?,SELECT name FROM artist ORDER BY year_join DESC LIMIT 1,SELECT name FROM artist ORDER BY year_join DESC LIMIT 1,SELECT name FROM artist ORDER BY year_join DESC LIMIT 1,True,True,True,True
extra_hard,Find the id and last name of the student that has the most behavior incidents?,"SELECT T1.student_id, T2.last_name FROM Behavior_Incident AS T1 JOIN Students AS T2 ON T1.student_id = T2.student_id GROUP BY T1.student_id ORDER BY COUNT(*) DESC LIMIT 1","SELECT T1.student_id, T1.last_name
FROM Students AS T1
JOIN Behavior_Incident AS T2 ON T1.student_id = T2.student_id
GROUP BY T1.student_id, T1.last_name
ORDER BY COUNT(T2.student_id) DESC
LIMIT 1;","SELECT T2.student_id, T2.last_name FROM Behavior_Incident AS T1 JOIN Students AS T2 ON T1.student_id = T2.student_id GROUP BY T1.student_id ORDER BY COUNT(*) DESC LIMIT 1",False,False,True,True
extra_hard,What is the interaction type of the enzyme named 'ALA synthase' and the medicine named 'Aripiprazole'?,SELECT T1.interaction_type FROM medicine_enzyme_interaction AS T1 JOIN medicine AS T2 ON T1.medicine_id = T2.id JOIN enzyme AS T3 ON T1.enzyme_id = T3.id WHERE T3.name = 'ALA synthase' AND T2.name = 'Aripiprazole',SELECT interaction_type FROM medicine_enzyme_interaction WHERE enzyme_id = (SELECT id FROM enzyme WHERE name = 'ALA synthase') AND medicine_id = (SELECT id FROM medicine WHERE name = 'Aripiprazole'),SELECT T1.interaction_type FROM medicine_enzyme_interaction AS T1 JOIN medicine AS T2 ON T1.medicine_id = T2.id JOIN enzyme AS T3 ON T1.enzyme_id = T3.id WHERE T2.name = 'Aripiprazole' AND T3.name = 'ALA synthase',False,False,True,True
